Path,SizeBytes,SHA256
.gitattributes,1057,A20F0257EAD7E27C423D4F9F4E58F0C6F6D0DAA13CDEFBFC78FBAFC6F8DCBB96
.gitignore,2340,28C606336D1A091CF18B636641F8662F026D092D6FD78D993578BACDC96C5693
ACKNOWLEDGEMENTS.md,1656,BF0CBE98E4F63234495830505CC1E1DDE1A8D3FBF3940273A0D63DD2DD451DEF
CHANGELOG.md,1929,680E07198067504E76598BF81A44654290FBB4BB70145F3A7FC56856D8933A99
CONTRIBUTING.md,614,D66D5F91C23AF72F3A3B722560F570B5859F462DBE255380EC2E259B41719976
Documentation/Archive/NLDocumentationExcludedDevelopmentTrees.md,2158,567FC37F26DDF9A9F628DD30E7D5B986FB007DFC888A830B0865890FCE690625
Documentation/Manual/EN/NLDocumentationUserManualEN.md,2744,ADF879D18AF7819315D4B02255B1015EA3E55B6497C765DA41A57CE3342BF6BF
Documentation/Manual/EN/NLDocumentationUserManualEN.txt,2629,483BC6752DF002A9240A220591878F416373970BA3541072F021016F9645A823
Documentation/Manual/ES/NLDocumentationManualUsuarioES.md,3098,70A64166CE903E57BAFAAD4BF349C771F06826BF5D694DC064FECC9626233800
Documentation/Manual/ES/NLDocumentationManualUsuarioES.txt,2983,06AE3407221087A591FB67407D9C49C4DEB170B664C006752108E9B74D05D796
Documentation/NLDocumentationAndroidControl.md,6841,0E0B091F47C3AA09DCCDA102D8F7F02768580070989218B1AF9486EC590DF060
Documentation/NLDocumentationAndroidEngines.md,6888,35660F1153E6CF472D1DBE2BAA8F2E02DF6920CB527D60CCE9AAA4D3ABF726A2
Documentation/NLDocumentationAndroidInstall.md,8252,0909F1F8E0C88144CD81EBD1D539EA308B566DDA5B7282A82601689F1EFF393D
Documentation/NLDocumentationAndroidLan.md,8657,C410009B1BA404EC4690767E95F142F56651C7C0A6E9F89B7F289EA2CD892FDE
Documentation/NLDocumentationAndroidSession.md,8213,E6956AA577D3E78D476FF97F36F046CD4696D767F9599863515D0A9651D5875F
Documentation/NLDocumentationAndroidTrust.md,5396,4FAA2046AFBF8D040A55D98BA4BFF637A6BF34B1EB4BE0B40EE43820E1AE42B6
Documentation/NLDocumentationAndroidUniversal.md,14563,60B58CFC7489525DA7FACA3A64E957E27C2FD3D1C9C527320A6E4480B22A4F1C
Documentation/NLDocumentationGitMainUpdate.md,1104,F2284BA2999F03BE39FC7826E9FD6397A9C3BDADA59B78200CEAAC5820789D8E
Documentation/NLDocumentationInstaller.html,17613,99B1A1D9EC28565527B99E5AF780DD5EF35882CF5EB76284B4700C80C4FF122F
Documentation/NLDocumentationInstaller.md,14940,470AD0E2D163FFF11AE713FB40236955092A513A0858E60C2C5E54402FB7B8D3
Documentation/NLDocumentationInstallerVerification.md,5059,BDB50C49C6356875DFE01176E7FE4CDBF11AC132B2C8CBA8430446A74AEBDAE1
Documentation/NLDocumentationNamingMap.json,51149,185E2FF86301937816A80C1777529D764622A73D5FDC7DA7D68CC1E6FFAE6D14
Documentation/NLDocumentationNvdecFinalSmoke.json,12218,16ADE1501F8BCBAA7635949E7570F70490914AB658A0390AC15CC2E7541AA9A8
Documentation/NLDocumentationNvdecFinalSmokeInterrupted.json,7595,361A349829E05189F7488B592B040E7A006D8D36F9C37A125F0FD5BB1BA06392
Documentation/NLDocumentationNvdecProfiles.json,23826,FE80BE42B9A30E6D12A00988646D963F6B3105DF9DD841B182621FE076D73310
Documentation/NLDocumentationNvdecProfilesVerified.json,24969,546209664F6134840E5FDF389AC9922D6E0132E4861C1C546CB0E7E8A933553F
Documentation/NLDocumentationProjectRules.md,2661,51AECE91167D975BB9D9A9400A342979CA60C5C92D93868782397257A8047BB2
Documentation/NLDocumentationReleaseVersion.md,833,DA959AED7198C019CB4595D887C7EC0B46F8CDA6F5CCCA5EB56A4624C14BC1F2
Documentation/NLDocumentationReleaseVersionVerification.md,2264,80F752BF168195C87E73F0529F63CA3C5197AD878CF10AE546AB8B0B91496414
Documentation/NLDocumentationSoftwareProfilesVerified.json,24726,E678C23CFDE3DC6EE31FB77CBDE21B5F2AFEDD8D02080078F1581459E189B745
Documentation/NLDocumentationValidation.md,3416,7C4D04C25CDEF80F9019D7E7965A92040B8167E4C9D6DD77EB3BBA13C7F23449
Documentation/NLDocumentationVideoManualSixty.json,9600,CC28C945CC71D71BA00A6A2957914AEC927A9C8FA6102347F7E7468EAA7B7599
Documentation/NLDocumentationVideoProfileMeasurements.json,14463,763B23684CD7D1BDF65705B5B6E334481B11BA7483DFC9CFFA9E7CAED05869A5
Documentation/NLDocumentationVideoProfilesIsolated.json,15487,3603BEB2EB902B9ECBDB8DCAD0F9E0A16F090725C93446B39B689BBD8FD5FF78
Documentation/NLDocumentationVisionEnginePerformance.md,1369,026882AC4295CBD189EF5E162C662AE3237C33141B5B388F6E06DF11843028E8
Documentation/Release/NLDocumentationPreFinalFunctionalAnalysis.md,7976,3AFBCE7ED7719ABED843E2B47A09F04F0EEAA21CD13C5C710BFFC9A569E5EE05
Documentation/Release/NLDocumentationStaticVerification.md,1690,E3DE7F85B0F593690F9071625AB2B2063F6183C6A17F707A8AD7C9E8CB1C2266
Documentation/ThirdParty/NLDocumentationScrcpyServerProvenance.md,741,5F93844013C9D207DAD74EBDC1374E5312B8FDE082818CED99A470EA9D6135DF
LICENSE,702,65176B0A6B2463892FD54EB5C756E005DD58D86C78620BAEF1780AF700585979
Legal/NLLegalAcknowledgements.md,1656,BF0CBE98E4F63234495830505CC1E1DDE1A8D3FBF3940273A0D63DD2DD451DEF
Legal/NLLegalCopyright.md,475,13FEC3E01A3929B13B922C523B22102CFA3EDA011E30D4340FB9435E4E68FEF7
Legal/NLLegalLicense.txt,702,65176B0A6B2463892FD54EB5C756E005DD58D86C78620BAEF1780AF700585979
Legal/NLLegalThirdPartyNotices.md,2225,89D7D9E3759CEC8ED72FC73A9E35A179C6B5E4E3697E4A44FA7F59AF6EE59ACC
NLDocumentationReadme.md,831,509509CB2609EEFAE4F59D148C4274AEF8D4F539FC66EAE5EF39C7F48F16551D
NOVORA.sln,1935,2D4485D5490B7470815642DABBF64FDFF22E7323349BD2EF1D300ACF39BF46CE
PRE-FINAL-README.txt,539,E4236CE3E3F8F45DC28B4FC127B6F711F514B32362E443830F2482F6B32CC522
README.md,3570,772EE926391F247CF95627A0691F6BFCD18859FA546E545C83A2A3FF404B7531
SECURITY.md,997,AED3128BD93ADAC3BFB195E1A4BB84330ADB3E59D6D5A4F6988022080DCE5C6B
THIRD-PARTY-NOTICES.md,2225,89D7D9E3759CEC8ED72FC73A9E35A179C6B5E4E3697E4A44FA7F59AF6EE59ACC
Tool/NLInstallerSetup.iss,3165,744527B8AC46DFD2A9C9F4DEDE27AA011C1F741CF402A4A26B6F0AB31E8C03AF
Tool/NLToolReleaseGate.ps1,3045,51BC12EC59DB35218E0CC6376E6FA5A0179F60972DA64CA1EDBB86DD6BBE2A60
Tool/NLToolVerify.py,7466,14E29ADCF819451DF8374BD1773A04AF4FE04C74E2429D78DE1A58A9A1FF97EF
src/NOVORA/Android/NLAndroidApp.apk,42420486,60CD7E808BC70426A64C86FC2FD16E436A2D2513DD453954F022022C417BD9E6
src/NOVORA/Android/NLAndroidRelease.json,262,A8F19ADACBB0AA9030AE0106CB6A814EE451C39033057A6CDBD7D1C7E82EAF39
src/NOVORA/Application/NLApplicationApp.xaml,1074,61B387BB86CEA9DED0EF7D6062C0FA483A1F5B4066F297E8B82EA1A17BE28ECC
src/NOVORA/Application/NLApplicationApp.xaml.cs,7498,DC0B9E9A566F2BBAAFD0810172321C2E3363EF5891F116EF1E2C463C10E09694
src/NOVORA/Asset/NLAssetBienvenido.png,40376,20B670D45087FE2D20747F65018634B81722DC81A94844E5468ABC9C947C7AC1
src/NOVORA/Asset/NLAssetNOVORA11.ico,38805,15278069A0F157D1DF69985197A15B4D7A145176F8F83732D1FC6B581AAC5608
src/NOVORA/Asset/NLAssetNOVORABRAND.png,44211,258BD36F50B80532ACADD706F7CDA2CAFAC22D90D4071F7E6CE66A5AB913A01F
src/NOVORA/Asset/NLAssetNOVORABRANDLIGHT.png,50000,B3405C6693472A034108CD2A2678813E3E34C455D1C7D90104975D18910C57E3
src/NOVORA/Asset/NLAssetNovoraLogo.png,330058,E5FE8A2B4957DDC4DB0684DD5627C230957C20A6FFACED72EB316284EABBB12D
src/NOVORA/Asset/NLAssetPDI2T.mp4,1747884,8ED22F289BC14E206D82BDF44BABCF37A940945A9FCB789398728D12F3EB55B0
src/NOVORA/Configuration/NLConfigurationGlobalUsings.cs,79,25758B99C8A5C5CD2DF1DEEB3CB028E362A8EB9612C5F17BF542DD79F0B4FD88
src/NOVORA/Control/NLControlClient.cs,7581,E6680D5C75DFA1D6FECECA94032E9FA440EC1F9F44AA5B32E152B15CE835AB18
src/NOVORA/Control/NLControlCommands.cs,4462,BB796DBB5D1CFC81E65C4F9907CE310B810F668E43A53D7D9E53B8A1F703EB7A
src/NOVORA/Control/NLControlFileStorage.cs,4975,32919CC9EC9DBCC6574A6E2DD63C01D1035BD2CEFAFBDA03DF6C927E8F9F54BC
src/NOVORA/Control/NLControlFileTransfer.cs,6663,73F80AAC2E5F3438946510BC88D4FA662D0CD5C77E8FAC2336A866A993821FC1
src/NOVORA/Control/NLControlLanDiscovery.cs,5548,4AEB5A1E00C2F6513CF7332AC78093684AD0664CD3B405C4BC4FCF58EF6C5864
src/NOVORA/Control/NLControlLanInvitation.cs,2603,EAAEAF257C921F849C80B566838B19CB09080EB5E6EA4F8952B94AC08379B753
src/NOVORA/Control/NLControlProtocol.cs,3296,6EAEFC9B3A7F64E5BA5BBD8A2A3C2FBC8FB0C1BB2AE87B33AF961401090EDF56
src/NOVORA/Control/NLControlSession.cs,7461,71DCEF80F92A0B7437F537728B0893783D06EEC86A4220FB4E316B5FD538B2FE
src/NOVORA/Control/NLControlTrustServer.cs,11024,4BBE46121C9EC0F1FEE4D4E06162BE0000FBA571827C370711579F32F3D23B08
src/NOVORA/Control/NLControlTrustStore.cs,7191,BA5D64766F659BF178FFD28927967A36CC69FF86575681886C15BE022AFE2E58
src/NOVORA/Control/NLControlTrustedPc.cs,1043,7012781AE3160264DC2F012F65E4F15C91780F86BD91EB787E81D143345CB64B
src/NOVORA/Control/NLControlUsbAutoPolicy.cs,2144,41108DFDB3FBB1C4D51229E086487BC402B7FA7E59EE585CCD4E0822919ACF3E
src/NOVORA/Control/NLControlVpnProtocol.cs,3936,1E8653991285653FF062D02F219188D11E892A722C2220A92B895917D85D65DB
src/NOVORA/Discovery/NLDiscoveryADBTrackDevices.cs,9374,361925059AC088E4EA6140AF38B6FED88890C547FAE5FA631C31CFA302BAD2C4
src/NOVORA/LinkEngine/Core/LECoreEngine.cs,12706,A1C2BC40B6659A335713B204B0E723B5B37915A5B0FF1A86FE35CBF7E8AE0B55
src/NOVORA/LinkEngine/Core/LECoreResult.cs,427,383992559482A681966DAAB449E989319629A512312895F92162442937998A4F
src/NOVORA/LinkEngine/Core/LECoreStates.cs,206,D554CCBA26F0FEBF0875CD3354BD51DD0EB0F2945F8039FCEBA4B644DA954D65
src/NOVORA/LinkEngine/Core/LECoreStatus.cs,267,AA0482FEB4B609AEDE896E2E3CFF878FDD5A6DE1B844DBABFEBCEB061A5FEE02
src/NOVORA/LinkEngine/Device/LEDeviceConnection.cs,123,D11A101E4736BB638C39B16D728B6C75DFCCF64499F37F78A46AFE26FBFD123A
src/NOVORA/LinkEngine/Device/LEDeviceHistory.cs,11360,031A75C895935FD13E81BA5FEB36DD15734B940F7CC3B18581495CA12A170DCE
src/NOVORA/LinkEngine/Device/LEDeviceManager.cs,14443,8CEEA8CD16084E77CB6B23CF2E25A154F96392C3C1A9E9A73474D2E40E2E7405
src/NOVORA/LinkEngine/Device/LEDeviceProfileModel.cs,1994,1198F8B603252F6AABCEFA3BB6D10138E68FDEED5BC7153E63004D673D3EC14B
src/NOVORA/LinkEngine/Device/LEDeviceResolver.cs,18350,4E8B9F99DE84ACCBDE60345E71FD3AC6ABF30BCA704311AC9A63278D2652317D
src/NOVORA/LinkEngine/Device/LEDeviceSession.cs,296,91895283FDD08F4FAE7EC2F1DBD5E2176B7C567DAC071E1ADCF19719965B3296
src/NOVORA/LinkEngine/Device/LEDeviceState.cs,207,73758DFC208475DC056AC64290A7242E19AB13603A944A6BAF1C170B55FBA245
src/NOVORA/LinkEngine/Failover/LEFailoverADB.cs,17046,A8E247A16C84AEB53C3418B294299AF14AD7F6FD0B157FCE680B0F0CD7BC0B68
src/NOVORA/LinkEngine/Metrics/LEMetricsCollector.cs,4989,4F2C34D31020D4E2E8240464A85E8237EFFCAD14BEEE3661BD7CF9F0B7296A69
src/NOVORA/LinkEngine/Network/LENetworkDns.cs,196,F0AFC86665F1064E3EDE72CE29167D7723B495E8770CD65F9F1B7C0A4351A3E8
src/NOVORA/LinkEngine/Network/LENetworkManager.cs,12293,EBACE26718DBE5DB7DC23F719F17E8BA8056CA291E85F87C628281EAF06D863D
src/NOVORA/LinkEngine/Network/LENetworkRelay.cs,18240,35CC30E0A896F2FA67E6EF0A9990036E614A6713B89F3B78E02577ACF9E9444E
src/NOVORA/LinkEngine/Network/LENetworkSession.cs,1049,88F02A5A5F14D6019088921B15B3609A4E6524FBA6222B2278B83E522A7FB820
src/NOVORA/LinkEngine/Network/LENetworkState.cs,224,75D67FE0EAA5AA4DF35959F70937CF2D560A6711E118944FA23B398FE8F281DF
src/NOVORA/LinkEngine/Network/Native/RelayCore/Cargo.lock,19207,F73D6A867FBD8AE061C4BDEBB13F337BD392E4A5C4275E121B934E188DA0F24E
src/NOVORA/LinkEngine/Network/Native/RelayCore/Cargo.toml,536,0E4CDE16E923A7B2697ABB93075D3449D872ADB950527E462AA062AB8D887C5F
src/NOVORA/LinkEngine/Network/Native/RelayCore/src/LENativeLib.rs,816,998C2A3990EB53727B495059EF2B122D1B4494CCD9951E6483836E96EA7E5DC7
src/NOVORA/LinkEngine/Network/Native/RelayCore/src/LENativeMain.rs,834,32BFCCF834857B7FDF88DAC12C80497B24C802EE4CE0A9C822502FB75ECA886A
src/NOVORA/LinkEngine/Network/Native/RelayCore/src/relay/LERelayBinary.rs,1840,6C912EF81DB0D85038815CBBAF0CBC6A45F783E631E1716C36BEEBFFB1478ED0
src/NOVORA/LinkEngine/Network/Native/RelayCore/src/relay/LERelayByteBuffer.rs,3029,EFA3D05A3EAA0373C8C37887AA86D8BFB4797BB3F9AA14F20DFCA75AB7801254
src/NOVORA/LinkEngine/Network/Native/RelayCore/src/relay/LERelayClient.rs,21366,0356F17DBA504D1A58E539F0F83C9255F9BD883B7350A703D2AE3C7276C10737
src/NOVORA/LinkEngine/Network/Native/RelayCore/src/relay/LERelayCloseListener.rs,821,08C14E0B848DC5A9D48CE059EC1C756EC9224094A9344EBCE145C5D2F76F46EE
src/NOVORA/LinkEngine/Network/Native/RelayCore/src/relay/LERelayConnection.rs,3991,A660B706C5065BC417B59B7CB98F3D287FF9AB7FCE748BE584CFF0A691C8C417
src/NOVORA/LinkEngine/Network/Native/RelayCore/src/relay/LERelayDatagram.rs,5106,6335852DD74E9C690FBF979927EBC127AB2AFA5ADDEFBF2BB7FB54E18A0F1EA2
src/NOVORA/LinkEngine/Network/Native/RelayCore/src/relay/LERelayDatagramBuffer.rs,6489,F4B30C481B38AD2C67CCA866AF22528930ABF09AF7B4788F3C2DFDAC8ECF42B6
src/NOVORA/LinkEngine/Network/Native/RelayCore/src/relay/LERelayInterrupt.rs,1085,5A837DA86D859D528C4F40EE35AEFC84529DE82A32A25DBAE565F44B6DEC481B
src/NOVORA/LinkEngine/Network/Native/RelayCore/src/relay/LERelayIpv4Header.rs,9387,D945765DD82A1316EE0F439AF793A9AC701D0D7203E17D7B2539C55165B7D88E
src/NOVORA/LinkEngine/Network/Native/RelayCore/src/relay/LERelayIpv4Packet.rs,11377,0622B11C4C4930818FDC1CABBEB7B3F9605FBC672BA39D26EB30A607769750E0
src/NOVORA/LinkEngine/Network/Native/RelayCore/src/relay/LERelayIpv4PacketBuffer.rs,7724,7BA350B52140F0F84FCB53382690C55980810C4794B7EF036137BEAB34525977
src/NOVORA/LinkEngine/Network/Native/RelayCore/src/relay/LERelayMod.rs,2034,AF3A4C9047DF1B400074B2F25BC0DCED45FF5D789DBE09263869A33DC2DF9415
src/NOVORA/LinkEngine/Network/Native/RelayCore/src/relay/LERelayNet.rs,951,C4667626F315C27AD6C7B42585D5DD27535F92FB7B16F1CB518CE34AC7ECD113
src/NOVORA/LinkEngine/Network/Native/RelayCore/src/relay/LERelayPacketSource.rs,1204,E6394BCD0803B7797C6F93EAB6BC3E2205F1E6645D4841404BDE6FA900B47259
src/NOVORA/LinkEngine/Network/Native/RelayCore/src/relay/LERelayPacketizer.rs,8881,D6A1A03FF31F46CDCBF62A824C281D425DE9C8D2434D9D917B2865EDFB5A5F5B
src/NOVORA/LinkEngine/Network/Native/RelayCore/src/relay/LERelayRelay.rs,2599,EB09C71DE3611ADE3D93563BBE7FE54FB4F952A9CF5571E0912CC8583641DAEB
src/NOVORA/LinkEngine/Network/Native/RelayCore/src/relay/LERelayRouter.rs,6914,70C6CF48C70C5578990D37049667E986CD3B0C495EE483643B9733275CADB19E
src/NOVORA/LinkEngine/Network/Native/RelayCore/src/relay/LERelaySelector.rs,3452,BEBC67BBCD9A573A39CEBD44DB2A818C6276B5DC368EC2A2625FEA45192DCEFC
src/NOVORA/LinkEngine/Network/Native/RelayCore/src/relay/LERelayStreamBuffer.rs,7385,D789276D9B232C39803C15A12F2A46A15C3F4B4E8569E6AD379D8286695013CC
src/NOVORA/LinkEngine/Network/Native/RelayCore/src/relay/LERelayTcpConnection.rs,30246,78A8742A673C31202B56EDA9AA079046532F98D344B7151B94A9AA668E53EF5E
src/NOVORA/LinkEngine/Network/Native/RelayCore/src/relay/LERelayTcpHeader.rs,23964,C40DF31FE333F1D8480755B8516860FF2859EA13F96CCD48241084F623AC7966
src/NOVORA/LinkEngine/Network/Native/RelayCore/src/relay/LERelayTrafficEngine.rs,1824,9BBCC4C0514C78C415F97C9E5CA5D3D1E9A72C99C7365054DCC844D9A41EA34F
src/NOVORA/LinkEngine/Network/Native/RelayCore/src/relay/LERelayTransportHeader.rs,7947,1A3A6568ACD096011DBF475CF9DF560240163A09277CFEB63E8F96F8C1CEEF0E
src/NOVORA/LinkEngine/Network/Native/RelayCore/src/relay/LERelayTunnelServer.rs,5634,FAB8F3F1A03E467E632919AE22A3736BA072AEB3272CBC5424D5401B562D9B6E
src/NOVORA/LinkEngine/Network/Native/RelayCore/src/relay/LERelayUdpConnection.rs,20971,D06F649C1DC871D99FC1F66393C5932AF68759EF77196D122172424A1371FE48
src/NOVORA/LinkEngine/Network/Native/RelayCore/src/relay/LERelayUdpHeader.rs,6382,33FDB210360924B5E6DC19EAD892F80AED5F1B93D365AD5A58FDDAF35527D038
src/NOVORA/LinkEngine/Protocol/LEProtocolHeartbeat.cs,3676,76D841F392238EBA96F82D0C0343B4EE3273A350AE07A5CDD842ED7B47092966
src/NOVORA/LinkEngine/Recovery/LERecoveryManager.cs,21638,C96801064041FED24308D078DB15A56943B2131738169C0BF054DEBA542EA1D4
src/NOVORA/LinkEngine/Recovery/LERecoveryMonitor.cs,22966,149EC21883F730754C2AC27921B1B821B356C0C97E5D3480017326C1C312B5CB
src/NOVORA/LinkEngine/Recovery/LERecoveryPolicy.cs,1467,3A5C14C95698C2D71D81025A99C97D6BEAF536AF4EC6D78DF3E3BF05FCD01B41
src/NOVORA/LinkEngine/Recovery/LERecoveryResult.cs,1102,4D50B2C77CD8FCC572B72BC92337A2210488EBF4C35DB8A521ADEA91FA01E475
src/NOVORA/LinkEngine/Recovery/LERecoveryState.cs,300,0D3CFC63D2C22CC43D69AC08977E357FB9CE6E1AC03018155C7BBD9E7B74B232
src/NOVORA/LinkEngine/Runtime/LERuntimeManager.cs,39462,5B4F48009E333CB8F0B2EA33D82B12BF5FCC639AA76C0FED6758683BA77B1DD0
src/NOVORA/LinkEngine/Runtime/LERuntimeSession.cs,2693,2C968BA65CEC5A495DC8176154F9806E739355A1B7306C214EBD1CF0AC0511B9
src/NOVORA/LinkEngine/Runtime/LERuntimeState.cs,349,DFCCE9E1299E2FDBCE9EE9168EE76AB5B1BE2E7B8E48C472656ADD5CAF039BC2
src/NOVORA/LinkEngine/Traffic/LETrafficEngine.cs,513,94ACCFA66139C645B7BA88531AC5F24A9791DD70651E549C22182C26257F62C8
src/NOVORA/LinkEngine/Transport/LETransportData.cs,8161,7CB466D70D9C328CA9956923D87521879D04312488B88292FBBB980BA334A26D
src/NOVORA/LinkEngine/Transport/LETransportHandshake.cs,6417,B7CCC418D743D302BD1460B89072361873A487C2CA3B56A435B1D346D666413F
src/NOVORA/LinkEngine/Transport/LETransportListener.cs,4682,295BA8FE3E6D490F1DBE5158F46D5B27222321120727C254B10B36B64C9D72EA
src/NOVORA/LinkEngine/Transport/LETransportManager.cs,55810,171E264255F9D95B7B9F3B4FD06D8C95157A9543E06A1BC92F858F7270632602
src/NOVORA/LinkEngine/Transport/LETransportPort.cs,6940,7F3E648D0DB398B0AF9C018537B3F0DF40AEBD19D446568A8E14786B4AF6B0E1
src/NOVORA/LinkEngine/Transport/LETransportSession.cs,765,D9C4E1DA405F7F877298850E31FD5F94F3133385DD9C08D8A7720DA3C8374055
src/NOVORA/LinkEngine/Transport/LETransportState.cs,250,5F86A634AE2C8E552EF180B9DC7C9C4ED81CED96ECBEEC419239F889D639666D
src/NOVORA/Model/NLModelCompatibilityLevelDevice.cs,812,CBB77125AF018FE26DAB2E6E1E5CBEB18E023060B0D16EA4E179A1D87B307AA3
src/NOVORA/Model/NLModelCompatibilityProfileDevice.cs,8855,35130A843032FA60925C22DE7020861BDA351D9CDC20CA04C2FC045D064775DD
src/NOVORA/Model/NLModelDeviceCapabilities.cs,1804,2CF53ED1E164CBA460790B4FB29CF975944208E610022FBCEA32FC4AF5191A55
src/NOVORA/Model/NLModelDeviceInfo.cs,2963,CC1B2D886A28B46214061C278B827EB3EBBB76F54E780CB0252CAE596E9A74D4
src/NOVORA/Model/NLModelDisplayModeInfo.cs,262,6F0AEA7E5F6343B93433DB4F173315B04E76F942EB1EC8BBC7EE86B5D806B952
src/NOVORA/Model/NLModelMonitorInfo.cs,2813,F86B10EF1DF7B3AAE09FD5BBBC9FB555880EAACCEC645B84C2C0079AFA57BB86
src/NOVORA/Model/NLModelOutputProfile.cs,291,773912AB7CB53CEEB06DA1C06AB9D285E07B2F94EB5E9DE6D9BA86C9A378870B
src/NOVORA/Model/NLModelWidgetConfig.cs,540,B119B22E346D58891FB4AA89E43E27E62A3D0EDBF1F1AF0ED9A8DE1DD7579C75
src/NOVORA/Model/NLModelWidgetDefinition.cs,992,3F495E6E29A1ED1B69C3FDACA5C6BD04AC52BD32D20CE22B474443A41EF98128
src/NOVORA/NLProjectDesktop.csproj,2990,56CBC039F158AF2D70230BF2FAFC55BFA862300F24306F0033206EF236410BC1
src/NOVORA/NVIDIA/NLNVIDIAArquitectura.md,3596,E5B833ECCB0A699863D604B013FDDA87C9F66350E15B783E2111580921136E0C
src/NOVORA/NVIDIA/NLNVIDIACapabilities.cs,648,8F51E613316EEEAA8169A4CE1C50B74EA955D7F36500C28A8DAC804E5F0F0FF6
src/NOVORA/NVIDIA/NLNVIDIAContexto.md,5355,A19B69F3773D718027EBDA26923672693EA8853ED249D72CA76F270FFA7EC309
src/NOVORA/NVIDIA/NLNVIDIADecoder.cs,544,9951A2B42263A0FAB3A77B75D75CECABDA658AFC430E50221DCE3FA2894B065A
src/NOVORA/NVIDIA/NLNVIDIAManager.cs,7174,F5819908140B37B08847DF11FA8564D52CBF70AF8FD6534CE7E3C5852BB15CC7
src/NOVORA/NVIDIA/NLNVIDIAMetrics.cs,314,27F1C14222DD5C78958E3A66D1A73682DA78C038A06FD399D6E1CAE40BB11712
src/NOVORA/NVIDIA/NLNVIDIAModelosAudioVideo.md,3976,701B207228BC9C025D5920C5C7316AD7DE4786EB54A004E54620CA1B1D29EE5C
src/NOVORA/NVIDIA/NLNVIDIANvdec.md,8566,74B0C7989C5FC9336294EF9459CA90D2FD30911AD3E56468C259FE0065E75178
src/NOVORA/NVIDIA/NLNVIDIAPaths.cs,316,2875B5D2AD6A4F43E85A07EC0190C3295070C6D256C7273AF3519E3925FF6923
src/NOVORA/NVIDIA/NLNVIDIAPipeline.cs,364,292F1A0194579D6C2B98255F90EC32362AC8C2E188AFD64E4985A50838BC44D5
src/NOVORA/NVIDIA/NLNVIDIAPolicy.cs,552,114378AA548F8CC40A83AC06CDC894EDE1B30467A0C0128E341B8636CE8C025A
src/NOVORA/NVIDIA/NLNVIDIAProfile.cs,197,16CAB9E8DD47F0F132978F5E2A7E839E300F5501D6D3665D18EDC38C6F38A9D1
src/NOVORA/NVIDIA/NLNVIDIASkills.md,4360,19187D64560E2AE92D0407A9F8BAB10CC2E867BDF4C257DD04A53981643D8A10
src/NOVORA/NVIDIA/NLNVIDIAStatus.cs,194,2949849BA57CBDACCBA8BA10BCDB1AB7863EE80DFE9C242F630DED8B2F0CA9E3
src/NOVORA/NVIDIA/NLNVIDIAValidacion.md,6282,ED1720E7E3303A6360958C14EFA1060CBCFF9C8FD26BFA4FB2AE850AC45CD5EC
src/NOVORA/NVIDIA/NLNVIDIAVisionEngine.md,5180,A2D55360B79F496B1160FC0B34A5B9B3D3000548C5F881ED2E3668069739D2E2
src/NOVORA/Property/NLPropertyAssemblyInfoTests.cs,90,1AAD32B27586D450E2C8165F6542BE1F1C708537B5462CC1EA5F7957BE14E026
src/NOVORA/Resource/NLResourceStyles.xaml,16808,5F1551723C4F45B91E5D0708AEF51BCD2419B54736370AAACC74CA9167FF0B2A
src/NOVORA/STEngine/Core/STCoreEngine.cs,11660,2BF1350F9C9DDBD0D399F7214D1A77C23E36BA6B471B07A0D19E977785317416
src/NOVORA/STEngine/Core/STCoreSnapshot.cs,1004,FF38500063DDE6896F99010F367FDF655D19579DFCF9FE75792439DD93CC9CEC
src/NOVORA/STEngine/Core/STCoreSnapshotNovora.cs,867,FFB882A1F7AFE563C951FDE6C2444E519B92D52E014F5CE79B7FF920EE63344A
src/NOVORA/STEngine/Core/STCoreState.cs,137,28D9552A3F9C2DFC13F933B59F365CB94D9D212226D642BF910A4363D5EA4CA6
src/NOVORA/Service/NLServiceADB.cs,42439,20D986553397F91615C00A04DCF620887AD8D6D182B03B2CC2E75D308C068C46
src/NOVORA/Service/NLServiceAndroidInstaller.cs,12141,B7A927DF850AAE626363EB7A035E54C5B7849028BA40485EC7BF2D2BBC5B534E
src/NOVORA/Service/NLServiceAndroidPackage.cs,14816,0521C0080B772211FD4689594B434E0D31366492C047BF4351B02729DF99F37C
src/NOVORA/Service/NLServiceApplication.cs,1542,9C142A64567CE9F08B263C393097152344F0B50DD6EE10600C451E8665A1E6D6
src/NOVORA/Service/NLServiceAutoStart.cs,1742,E2628599792A671A760EF83F43BEC5DD817337AB94577E724070F2DD37E51CE2
src/NOVORA/Service/NLServiceBitrate.cs,2706,D7C46E17C79281B40FAE78D946A4029FB3F8256CD0416CC3EEA40AEB087DEF95
src/NOVORA/Service/NLServiceBrandTheme.cs,2300,66CE7006E698F5FA644B297973FDF72E40B6B59F8C9766A6422BACD955A2392E
src/NOVORA/Service/NLServiceCompatibilityDevice.cs,1340,BB2AE4378798B340B5BB95A691E5B145E33411B5FEA3DF1149CE3F12C92BE488
src/NOVORA/Service/NLServiceConsoleCommand.cs,8109,577A125AB003E380CC034BC8B3F4991827A7EFE04551BCF0F9DEB258A434D499
src/NOVORA/Service/NLServiceDeviceFastPerformance.cs,9893,12ECD23165EF329F7EAF9214E06514F1A1FD24638018BA6C70CBB99355B2B51E
src/NOVORA/Service/NLServiceDeviceFile.cs,1974,48E1AD6E85F25D6EA3B95312E331A0EC8F1C4B72B374656ED46547B0C9EB405E
src/NOVORA/Service/NLServiceDeviceIdentity.cs,1655,10A02C59B8AA0BBEA250F3DA0DE4254FBC72D6AA89C8A3CC0AAE608D3CC59677
src/NOVORA/Service/NLServiceDeviceMetrics.cs,14523,9732670AA84FC2A963B3C56CD761DA8E71E439152610DE462195FF7179007263
src/NOVORA/Service/NLServiceDeviceState.cs,4260,337C3493A29DCDD21775EECAC0CA81B6D50DCB8C1DD7ECC2366E31FFB37E3A1A
src/NOVORA/Service/NLServiceMonitor.cs,3602,13F9CEC2C97110A917E956B4835CB3D7CA634268A72F6D62758F7A8A5C307423
src/NOVORA/Service/NLServiceNetwork.cs,3302,F959954DD50B86EC8E25DC30917F0AFDBC7171618D57362C8DB7BD8B6E1F7965
src/NOVORA/Service/NLServiceNovoraPaths.cs,3171,5BD08ADAA8D4C49FA7A8CD75CD132A56F0340AF9BEF32384CB2D255FAB4B2A99
src/NOVORA/Service/NLServiceOutputProfile.cs,10889,C06C7159AA6E816239251C3541399E14599315CC05C955E607B4C65A0AC5BF2A
src/NOVORA/Service/NLServiceProcess.cs,994,AA83FF2E9DA5CE58A7E101AEB182222C01FD48E46F3D9258FD7218A752EF153F
src/NOVORA/Service/NLServiceReleaseVersion.cs,1736,35F64DF52A370B997BF4895BDE6DA723EDA49A4FB18176212DB9A437B76A2275
src/NOVORA/Service/NLServiceSettings.cs,9189,6A65148CEA9C0FFDB6353CA5E6B75BAA02050AE889BBE0BD771B0748EBFB8710
src/NOVORA/Service/NLServiceSettingsAdvanced.cs,1715,2E0E660C637557EA1A542200A27E294E44076AA3E971C5DA21678653A33B1D17
src/NOVORA/Service/NLServiceTheme.cs,6352,9D7D22AE60078412BFBAC279AC21DE85C42FD1D87A7B6AECF1426E4B16C32189
src/NOVORA/Service/NLServiceTray.cs,3532,2E0CDCEE80B0350CBCCFBB3C8E070313445F0028176E22A27A3BBBF95D39023A
src/NOVORA/Service/NLServiceUpdate.cs,27295,60DE13EDEAC64B122EEEF65726A782C91D524EBAAF0CF45583D1A5C6F1936AB0
src/NOVORA/Service/NLServiceVideoProfile.cs,600,D7BF93D2FD6E01FBC7865FB0EE0C94A6D4F698FA72ACE5BD86A366A77DEEF211
src/NOVORA/Tools/AdbWinApi.dll,108184,120BEF587119C6CB926B86B9BE90FDFBCE38937588EAE28CD91A94CE63C7B965
src/NOVORA/Tools/AdbWinUsbApi.dll,73368,6CA69A2CA0E31309C087D288F058977D421AD03500E4C3E1DBD981241A069C60
src/NOVORA/Tools/FFmpeg-LICENSE.txt,7651,DA7EABB7BAFDF7D3AE5E9F223AA5BDC1EECE45AC569DC21B3B037520B4464768
src/NOVORA/Tools/FFmpeg-build.json,3645,3B9A74F745037CB403C1565C82C56C5D3503573FBA349CE54C0BCE4A98A38DF3
src/NOVORA/Tools/LICENSE.txt,11387,01C12035BF35AF37241298DC7AD538EB2A07E5C940437BC6876FEEAA9D1951D0
src/NOVORA/Tools/LinkEngine/LENetworkRelay.exe,282624,F45677105C315991FF36640F9D5A926926A7212CEB66110A0A4A34985681DBE1
src/NOVORA/Tools/SDL3.dll,5366478,0619EB2DA6032984DC6E2098897AEACDBD66B0415BB87BC03E628159BA60B15D
src/NOVORA/Tools/adb.exe,8485016,957E46B8615F7AF5B7292A2DDABE98D2E61940C3FB2B0545756507F080613E71
src/NOVORA/Tools/avcodec-62.dll,90160640,A011E84F2E7BC32A6E08578A768E5BA7A32DB9F3AF844D0B47A07C1A65C36FBF
src/NOVORA/Tools/avformat-62.dll,22623232,CF8B82B293F13B80E14F2E31EC28185A5CF2A24A9F591A7F028FA639FF6FA048
src/NOVORA/Tools/avutil-60.dll,3011584,A1378131FC1F3F1791AD5232C3D2006B5C5F39F520A9D2C7B50A7258D24F553B
src/NOVORA/Tools/libusb-1.0.dll,227005,8EC130918A476B0DBD114C803E71314360608CEABDD2B6F38C83F6F208C608E0
src/NOVORA/Tools/scrcpy-server,733706,DEACB991ED2509715160FFDC7907E47B4160EB30D1566217E9047FD5B8850CAE
src/NOVORA/Tools/scrcpy.exe,720524,575CA1284345C7B3975585BC61B66D564A9A4F1ECB28FBB4C599C92A124054A9
src/NOVORA/Tools/swresample-6.dll,733696,F0A966A4CBBFFAC365CB6CD6CD5064E51E4D73B6C6DFBC1755107316B56A5C13
src/NOVORA/UI/NLUIAndroidQr.cs,918,A48C798A2872F90899E221BDF523C420E7A3532A7674920622092061DE16D1D8
src/NOVORA/UI/NLUIWindowMain.xaml,74832,15260F25C3E22E75E4DFFEEEC439EF9024087CD9F49BC45D320468440343EDF1
src/NOVORA/UI/NLUIWindowMain.xaml.cs,26352,2FA24B38D0BD4BF7784679BD433B27197195217261A0D804FC7D650FEE0DA044
src/NOVORA/UI/NLUIWindowMainAndroidControl.cs,12493,58400FDB0557AE5E8D91DBEB2C47737500616F4AAD71D3D9C6A0BE14AEDA818B
src/NOVORA/UI/NLUIWindowMainAndroidEngines.cs,9085,FA053DECA261CE64AC43AA8B846DDB7703E0D876A06EC7E91FCF29EFF3CC589F
src/NOVORA/UI/NLUIWindowMainAndroidInstall.cs,8396,9AE182C88585DF252499BBD670C7E34EC75D278213F32A32BD306DB50B4F3EC8
src/NOVORA/UI/NLUIWindowMainAndroidLan.cs,7174,537930F73B08D55B8B229EBB1DBEB6E5882336B27ECCC406968F80CE3F5CD15C
src/NOVORA/UI/NLUIWindowMainAndroidMedia.cs,3052,B06835610564C578F5D2A9805EA6CA1F220ED221AAE874C0030320067E26524F
src/NOVORA/UI/NLUIWindowMainAndroidTrust.cs,6516,754F86EAEEE5BFDF0B3AA8BBC758197F3A4B5499FB893B0B4B5A512B2BBB2F09
src/NOVORA/UI/NLUIWindowMainAndroidVideoSettings.cs,3484,C8FFDBA94B6DF169833B3F18CC44464283E1009A669CD2094E255CEE9EC36775
src/NOVORA/UI/NLUIWindowMainAutomaticUsb.cs,9986,28AE7E63E63C98A6BA3D65C3D30E1A66E0C9D0DEAF276EF51B538E99F797E962
src/NOVORA/UI/NLUIWindowMainDeviceFastPerformance.cs,4663,43B6ABF474E6ECEFDA5E65CDB035C66A895B8B524BD8207B8C0E4CEF9A7FF34F
src/NOVORA/UI/NLUIWindowMainDialogTheme.cs,1677,9B62D190A301551B442CDD7874DCFC0A057B1F006B0B5840FA06BB03C958CA20
src/NOVORA/UI/NLUIWindowMainDiscoveryLifecycle.cs,3935,86DA3D2C4FB8813D4C6DB0E732C612386260230471B24F934ADB24BD3A3D5811
src/NOVORA/UI/NLUIWindowMainInterface14.cs,2982,5EC9BEA664C3A487034844AF9A32381DDDCE7D6D9EA05190E7911462E4C7DBAC
src/NOVORA/UI/NLUIWindowMainLinkEngine.cs,13554,E443F0DC28FAEEBBDDD40A929564901128ECA8C168FE7C219D90F90E56A678EC
src/NOVORA/UI/NLUIWindowMainUpdates.cs,2237,1407861FB368FF2B2F0EAEADB4485E89AC3BF2100903177BCA47FDDC19F80970
src/NOVORA/UI/NLUIWindowMainVisionEngine.cs,52674,02833CC1A371B15D5E0C5594CD4DC54EEB62CC25C7D224ABA451702B2A34057B
src/NOVORA/UI/NLUIWindowSettings.xaml,23276,264ABD5EDB31E2860E24224C5B22272DC8344CB761ECC1524662B2FFA0F5D775
src/NOVORA/UI/NLUIWindowSettings.xaml.cs,5861,1BF9B0CC63359D11DE0D4B92BA5D4F992DF5E5021FAA65A02B037A338C3FE60B
src/NOVORA/UI/NLUIWindowStartup.xaml,913,93D828224062E8870F22BF8B8E0CFD183C28FAA2F0F2F418220DF7EDFEC29FAF
src/NOVORA/UI/NLUIWindowStartup.xaml.cs,3357,4238A7390B4DBC8E9EEF2C353EC84F0DA110152851FA77525ABEC79C1D489514
src/NOVORA/ViewModel/NLViewModelMain.cs,21168,A80ABCC8180B14C26342BABCD12BBF29BD9DAF2C0E904B5D293BC5F3CED1BDE9
src/NOVORA/VisionEngine/Audio/VEAudioDecoder.cs,14139,DF8FE2242915A00C17EAA6D7347357A48CBE4CAD31CAD7745B728D4343D3DD94
src/NOVORA/VisionEngine/Audio/VEAudioDemuxer.cs,1560,D7BE448E8DB079A08707E27FAFF7A707285A808C59C1F1E0A154A89D55FA5013
src/NOVORA/VisionEngine/Audio/VEAudioFrame.cs,410,DB122611781CCEEB1260E2D843FDEC18B74FA64D52D846CBAA80763256EAFE60
src/NOVORA/VisionEngine/Audio/VEAudioManager.cs,15291,A9A480E552F9CFD1E6AF18A6EA71260B9741861B31EB9BFE17AC53C8690A329E
src/NOVORA/VisionEngine/Audio/VEAudioOutput.cs,11166,0669A6D1E990882D93B26A1A750CF042E8073BE5D53AC52AE918E8A4245E587B
src/NOVORA/VisionEngine/Audio/VEAudioPacket.cs,200,834362CB1F531C528B872C455AF215AA5F23D0D8D88C4AF829859C0BD05CC2A5
src/NOVORA/VisionEngine/Audio/VEAudioPlayer.cs,26991,7720FCF2B6FCB264852C1D54CE9C145ECF11CB3A259FC2E93BE1E016B5E2BE87
src/NOVORA/VisionEngine/Audio/VEAudioSource.cs,1381,8FAB3370E5BB524202D02A6DCD962701E7E3789E5BFB9111A6FE2FD392DA54EC
src/NOVORA/VisionEngine/Audio/VEAudioStates.cs,186,0819E81CDBF8EF8B5EDEEBE179572216C00999467FEA989160B6B7DBC8879746
src/NOVORA/VisionEngine/Audio/VEAudioStats.cs,232,D2A1261DB13A02AAFEEABB8EE5160FC612E3291703A371EE116DB25611B8BBD1
src/NOVORA/VisionEngine/Audio/VEAudioStatus.cs,601,7AD469FD4CB32BA0AC0611AC335F567A0D32AF5DDDDA47B10BC3367FC11FB040
src/NOVORA/VisionEngine/Control/VEControlActionKey.cs,133,6A4922C5DA62DA9569D9FA1735B6C366242AE8934AB0614F8ABC8AA0879174E8
src/NOVORA/VisionEngine/Control/VEControlActionMotion.cs,336,328DE4A289E0874A847D188F33D5DD7BFEDF4FD2B59786ACDF9EDC071079AB56
src/NOVORA/VisionEngine/Control/VEControlCommands.cs,1466,8472110127395344D6B121F274C0C22A9E89846500DB2ABEF369CF42882C9742
src/NOVORA/VisionEngine/Control/VEControlCopy.cs,125,725688B4787E356A74E0E3E7E460413577C00540AB1BF058F316358587A055E1
src/NOVORA/VisionEngine/Control/VEControlKeyboard.cs,720,9D350FB87EC87E2B5A1F2776965DD89FD73C0865EA6FE30C6A1B719B2A2DD635
src/NOVORA/VisionEngine/Control/VEControlKeycode.cs,4981,833868E6FD43BC554819E7F61D48DA6CE15C167736536D2343FED3DADC785583
src/NOVORA/VisionEngine/Control/VEControlManager.cs,8144,52D83058AAE34E303060F90D4FEF002BCD0984047FAAF7E1690C1E2D1A27A76C
src/NOVORA/VisionEngine/Control/VEControlMessage.cs,5453,1F297255DBC52DC68FE117047068104A1A17485E7F0C03DDAF8EAEF5D0EA5C23
src/NOVORA/VisionEngine/Control/VEControlMessageDevice.cs,210,E44DACC82433867E32DB7EDD028905DC373D13574AEBBC8DE262A551FFDC2AD2
src/NOVORA/VisionEngine/Control/VEControlMouse.cs,1027,4C8782437AE5D96BB6EF3954DC56040B75923E0F6C5288CDDA6429562E215BB9
src/NOVORA/VisionEngine/Control/VEControlPosition.cs,671,9D25B91A9206B000FE05A4C0DF95C59478874A4A9CAEBFA72BB63AA3B0ED5AE4
src/NOVORA/VisionEngine/Control/VEControlReader.cs,3993,F101F6E1F89EC5EF9C0C9FE721D62BCEC43643450D22D5E448FD6567F12CAAC2
src/NOVORA/VisionEngine/Control/VEControlRouter.cs,19269,A135BB3229ED0E138C5A841012E8718D4D914E96F5133B7A2A029ED25FDFE5B2
src/NOVORA/VisionEngine/Control/VEControlSerializer.cs,10432,F402D9AF18DE2B7D7765B2AFDA3CF7F3D762E8C31CA30DE225E1695BCAC1D2AE
src/NOVORA/VisionEngine/Control/VEControlStates.cs,168,3D4B059DAFBD309DE1179A188EBFFCBD6C1A9A09B22FB9AB4E3C516429E5BE53
src/NOVORA/VisionEngine/Control/VEControlStats.cs,247,62A06C265C94AEA5C91F1B7B420CCA54F38DDF5F1172C975F8720E3E4CBA6580
src/NOVORA/VisionEngine/Control/VEControlStatus.cs,486,4F36CDBFBF1FDB6EFE6DC2A5E6995C3155943102406928E980CBBB77EB21ED4F
src/NOVORA/VisionEngine/Control/VEControlTouch.cs,693,684222243D6DC2568AF778F4A9299170EC7AD5D85710A51A2571A047190B3A33
src/NOVORA/VisionEngine/Control/VEControlType.cs,827,82A39ABE36935D2E3E08E409A7BE0D4CF47FED7449BEBEC1183BF64BC4EB1B34
src/NOVORA/VisionEngine/Control/VEControlTypeDevice.cs,151,F6285563BB0610B555DF6BA7BE2C7A6946B27BACD2701D9088C85880C494E37C
src/NOVORA/VisionEngine/Core/VECoreEngine.cs,17891,6A8D895A239A9CFB1C3830D0404D56F722ED22E8F1F3F9627E7791DFE1393A83
src/NOVORA/VisionEngine/Core/VECoreResult.cs,684,5406A3D44D0698533B8387696B25CCB2904A9A5BE68F4739EFE565B57E92656C
src/NOVORA/VisionEngine/Core/VECoreRuntime.cs,16124,1F54786895C622BB71C5244CBC2C2EC0014FB7E62EDACA285428417FF60669DD
src/NOVORA/VisionEngine/Core/VECoreSession.cs,1197,436EEAED97F9547863C4067024A9AD3287B5EED144EAF8BD97524188E1934681
src/NOVORA/VisionEngine/Core/VECoreStates.cs,463,EE9D844EDCD681FDBEECF84108E9E4BF8258098ABE6CE71369DE85072CB7DEBC
src/NOVORA/VisionEngine/Core/VECoreStatus.cs,2278,2E5F9FB434BEAD5AC1C42A3E7133811A15B8C43E4656C25E0459C37B6BB6B4D3
src/NOVORA/VisionEngine/Device/VEDeviceCapabilities.cs,968,1E39220BBA2CBDA55731DD4433495FEFB4197ED61604FFFDC2116D16B65ECB39
src/NOVORA/VisionEngine/Device/VEDeviceManager.cs,7048,57E6B6D134CC4B2E6707962A4DA8258BFCD776ECEACDC4274F41293703CB5450
src/NOVORA/VisionEngine/Device/VEDeviceSession.cs,303,DE7784C75ACBD3D98D4AFF42C7AA9594AFD9600B0F1A5A8945D73BEA5E38DF31
src/NOVORA/VisionEngine/Device/VEDeviceStates.cs,259,64C60799408F60ECED267788EE2A801FEEB4A580CF4420C87F829795D9483D7F
src/NOVORA/VisionEngine/Device/VEDeviceStatus.cs,685,0C559E95A56CD5D2F98A5A7F4D5F69A972D5659E1662856853174853E3F342B9
src/NOVORA/VisionEngine/Events/VEEventsDispatcherEvent.cs,744,6DB76688568A7969967532BA2D56396640B2B9BB5B39A094120387E1AD42752F
src/NOVORA/VisionEngine/Events/VEEventsEventCore.cs,416,43E773F5D6DA67B28367EC216D200BD1C5CF4991963E8D927F222BA91D14DAF2
src/NOVORA/VisionEngine/Events/VEEventsMessageEvent.cs,436,E89FE48016F16B5177113AD4CBC94A91E0C770FDDEE9CB89D0EA6BB9CA902102
src/NOVORA/VisionEngine/Events/VEEventsTypeEvent.cs,341,B0897A84386430E3D1DA28A8EF45459C537BBD7D5F0C177DA76D3628C03103FB
src/NOVORA/VisionEngine/Exchange/VEExchangeADB.cs,4424,14067A3632AEC7670E2B3C312802E3E438E8EA6B239F9465FCB8DB094953B043
src/NOVORA/VisionEngine/Exchange/VEExchangeApk.cs,1816,25487C8BEFEC3F92BD24DEE8D564AD123DF455FB30D443BFC644EAE8CE6FED95
src/NOVORA/VisionEngine/Exchange/VEExchangeClipboard.cs,9951,C051A373767F6266EF5B6CF18635CBEBD56560EC5E97D3D54C650ACB3012A3B6
src/NOVORA/VisionEngine/Exchange/VEExchangeDrop.cs,10076,71DE24764C396B4A563542E0982E7FDCCDC8E90CD9F24A43A56880D53D1A21FC
src/NOVORA/VisionEngine/Exchange/VEExchangeFile.cs,8555,6713EFBEFEF1D80B6B290B2A3621DFBEB586A0771030C2E860BD9969C1A2E872
src/NOVORA/VisionEngine/Exchange/VEExchangeImage.cs,1276,02A903827813C61BB38AD794F3414D403C25E1AB46AE5EB6976D86C586EF0974
src/NOVORA/VisionEngine/Exchange/VEExchangeManager.cs,1408,D15677E1BD68C02542F8A63152C22580D5F6E05AB5E4CFB6F0158E099E612EFA
src/NOVORA/VisionEngine/Exchange/VEExchangeMedia.cs,1308,2F647EC25679507674326B2244C7C6A86E8BD68C8A42500D8A39593AA9B26422
src/NOVORA/VisionEngine/Exchange/VEExchangePaste.cs,1985,F308F8F185242B92440A77AF38F5780486486747994C02D176599848ECAEBD88
src/NOVORA/VisionEngine/Exchange/VEExchangePath.cs,12746,F0048730746D0718858BB0957E0D857CB662C593804E3CE5C51847E15FE91808
src/NOVORA/VisionEngine/Exchange/VEExchangePush.cs,2490,E556FEAB0AC460F19FB8A5780D3DD0227F2C9F683CC8CEA7335FB28A89274928
src/NOVORA/VisionEngine/Exchange/VEExchangeRequest.cs,2982,8AF26D5884A5F54A3C32927676206CCF5B373BEAD31E8856EFDB9977EC5F326F
src/NOVORA/VisionEngine/Exchange/VEExchangeResult.cs,584,40D5D5B558684173476B35BA2F23BDB938C6D32810F0B4A49D58604F23871ED9
src/NOVORA/VisionEngine/Exchange/VEExchangeText.cs,2585,0C9DF37951AE7765C2EBC8BB5C47CBEA9E788C4114B0D59250DDD3A9F666A89B
src/NOVORA/VisionEngine/Exchange/VEExchangeTransfer.cs,14063,24A4B50475D0C420CC396F02346144FF10086555B19E3DCB171BD2AF1786142C
src/NOVORA/VisionEngine/Gamepad/VEGamepadButtons.cs,475,C8941604E99B0025574B26627FC0C94E9867B11CEA17DD794A753D9DC521DCD3
src/NOVORA/VisionEngine/Gamepad/VEGamepadDescriptor.cs,1019,1E0A41FEBE08584E9760F719D7E4BE5D4C7A345F4420D83D82C64B545441344A
src/NOVORA/VisionEngine/Gamepad/VEGamepadDevice.cs,223,465DCB9BF5915B1EE883F704EA305242C973D968D1FD1D764A3C1973EDE696F7
src/NOVORA/VisionEngine/Gamepad/VEGamepadEvent.cs,217,E0DEC7D78EA4E2CD2DCE204FBB8D7170980FFF59199A48BE401D97F09A81BAA7
src/NOVORA/VisionEngine/Gamepad/VEGamepadManager.cs,16419,D2725218F63A2AF0CE35A538A6E1F1AC28F94E54B554463E52B0CE1AA3B55393
src/NOVORA/VisionEngine/Gamepad/VEGamepadReport.cs,2489,DD9E83C9811D6CC75252820FB056A02D55276CB27101B97E5674FCAAC796D9A6
src/NOVORA/VisionEngine/Gamepad/VEGamepadSdl.cs,13819,C2BDE44AF03DB45F2A5017F85167E785ACA01CE4FAA93B58D3F4C3620C24CA5D
src/NOVORA/VisionEngine/Gamepad/VEGamepadState.cs,396,8B6379AF600FBD53476E1EF3826C706A89411F6017E05F16277FE91D3DACF95C
src/NOVORA/VisionEngine/Gamepad/VEGamepadStates.cs,145,CB51FFF317657E7C6D9D9DD355042E551E98C67036657E028B4B9E79476C29A9
src/NOVORA/VisionEngine/Gamepad/VEGamepadStatus.cs,409,B7D7C3661363FC1226F709CE0EBC5823F2F9A67A20B9F88DDE652FDFD8156042
src/NOVORA/VisionEngine/Gamepad/VEGamepadTypeEvent.cs,164,8A69D9C92A16A3A6ACDD00110598F8ACADE5CA9428FD08E117A282ADC0E9EC19
src/NOVORA/VisionEngine/Integration/VEIntegrationApp.cs,1572,58C05FC123274CB1FEBC407624533F344DDDC1D07D7505E588DFC65AE424AF11
src/NOVORA/VisionEngine/Integration/VEIntegrationCamera.cs,489,7563F2174AA7CAFCEC5ADE71A1E4E5EE23A47BE58877281DFCADF72818397C6B
src/NOVORA/VisionEngine/Integration/VEIntegrationCapabilities.cs,706,BE7BD4502885A2C952330FB5DC09F0442C484E11932002272348408CF3E281F6
src/NOVORA/VisionEngine/Integration/VEIntegrationClipboard.cs,2614,45F815A79A785EB055D35522C3DBE6409D59FA01C1F802763644B7411DDE3584
src/NOVORA/VisionEngine/Integration/VEIntegrationDragDrop.cs,1564,602BDFC884185C27576638FD46B5CA91B3E5119157CD0FB427CCDCF67B2E0202
src/NOVORA/VisionEngine/Integration/VEIntegrationManager.cs,898,0E88E7143C823D4A329E2DE0AB2680969BACD2615CD58E90C063688984A569B4
src/NOVORA/VisionEngine/Integration/VEIntegrationMicrophone.cs,856,7CAF3DBD5C3E2180A450F575225B4DBD26CDD9C3C38E6EB8C12A3926D5042DEA
src/NOVORA/VisionEngine/Integration/VEIntegrationNotification.cs,1784,FCE40188EF736FD217FCE4CEDAB4B35E6C805691459E1F6D67663ECD94BE1800
src/NOVORA/VisionEngine/Integration/VEIntegrationShare.cs,2131,823089C638A7561FC2CF65E99D9DD02D7581B9A431F8C38B22A9CDE03C5E3811
src/NOVORA/VisionEngine/Integration/VEIntegrationStatus.cs,169,A45DBEE935E953E131ECC2BEE5179E034602C8D98E0668886FB216C421C36FB1
src/NOVORA/VisionEngine/Integration/VEIntegrationVirtualDisplay.cs,2090,EFE38596F9615253822C88BBE94044BB332E185F0D9FB1C5C72CE5CF18ECE61E
src/NOVORA/VisionEngine/Integration/VEIntegrationWindow.cs,498,723B01F4D3A660DBC9A43D5DD3E60748888AC1125DABEF78857B36B83755BE71
src/NOVORA/VisionEngine/Metrics/VEMetricsAudio.cs,376,E5A52DF1F5896039C77237BF0C5C64F81EFAD68B83879E9FA7FFF6CB9EF4E1D8
src/NOVORA/VisionEngine/Metrics/VEMetricsCollector.cs,4781,F9B1E00E25CFBA159119D94CBF9BD1AFB471230A707943C013DD737B66DA8C12
src/NOVORA/VisionEngine/Metrics/VEMetricsControl.cs,307,7A24D41D0FD4EEC1F29894D2617CB738CBED6400FBF8110DC6276FE33F19A71A
src/NOVORA/VisionEngine/Metrics/VEMetricsSnapshot.cs,644,BFEE5709D1D5F294C6DDDCDF06C5D199B4AA407B8D32DC8AB92F8BCF4F47E4D8
src/NOVORA/VisionEngine/Metrics/VEMetricsTransport.cs,424,72BB0F8139D83DFF347F308B66E94F93C2DDEF6BE7E288F6D7C571D0EE8695F3
src/NOVORA/VisionEngine/Metrics/VEMetricsVideo.cs,350,29BF8A366C8048B73DF2659E12615390E6E68DDC566A5AA5E82FACBFCC973692
src/NOVORA/VisionEngine/Performance/VEPerformanceBackpressure.cs,612,6A14B66FEC4E3607D1EF533817B69928BCD151671CD2BE366D6CD711B589C6D5
src/NOVORA/VisionEngine/Performance/VEPerformanceBitrate.cs,1703,5D06A5781599D16C9DC38751B8DEA6985CB54A3769F683CDB52B2575237CEEED
src/NOVORA/VisionEngine/Performance/VEPerformanceBuffer.cs,608,030BBE1CF96E5A6FF8613E6E735EB4FABB61E453CD23468D893075FEA5C400EC
src/NOVORA/VisionEngine/Performance/VEPerformanceCongestion.cs,176,7661F0B8E99E7B9B69109EDDF99EE8370CD10A42938D4B61F045B52C52707895
src/NOVORA/VisionEngine/Performance/VEPerformanceManager.cs,3014,368BB9B8BD32607F8A0FDD1862FF955D3750B09171C93F381C480F7DE0A5D696
src/NOVORA/VisionEngine/Performance/VEPerformanceOptions.cs,1843,17CDEB9CB426DA992576DDD397A84D3A1973F433B9739D950407011E6C85BDAA
src/NOVORA/VisionEngine/Performance/VEPerformancePriority.cs,162,A70BCFBA4FC01C46BD76533CF4D28C0A17BED99EA930B582C15BA2A1CDF74926
src/NOVORA/VisionEngine/Performance/VEPerformanceProfile.cs,155,653E764373F137A0203471A627667E97D700C159D9DCB2B54BC4A8B2511F561C
src/NOVORA/VisionEngine/Performance/VEPerformanceQueue.cs,1849,3BF14F1BBB65C17EC078B76A6F14AB0A29048AA2A1408C2E9DE9FBC70B6ADD6F
src/NOVORA/VisionEngine/Performance/VEPerformanceSnapshot.cs,283,51731B0E171B2AA969A7D6B14D58E3CBA4EFBF2458CCBAD9A4345D57CFFA233D
src/NOVORA/VisionEngine/Privacy/VEPrivacyClassification.cs,200,44152009668283BA6AAF53A968EA17F560A190530EDE251027A83F2EDADE68A1
src/NOVORA/VisionEngine/Privacy/VEPrivacyContext.cs,612,2860A6BB86F605CC9EF409E2EA61EA3DC6C1673D6EC88E568223794ADD08B17A
src/NOVORA/VisionEngine/Privacy/VEPrivacyManager.cs,8277,02AFACE651B0F41639F0EF1148879BEB9D74F35390AD9B7CA8AE6532424FDB46
src/NOVORA/VisionEngine/Privacy/VEPrivacyPolicy.cs,3723,B4BC7803EEDB13179FA6AFEF4F2F690F1DD59969AE64B9DCCD47A9DA135B18E6
src/NOVORA/VisionEngine/Privacy/VEPrivacySensitiveApp.cs,882,8C9D42D2013A3380AC56E58BC05E500D6F55A848CC0586B8593591DFA21471FD
src/NOVORA/VisionEngine/Privacy/VEPrivacySession.cs,406,D2E965F75474E5200CD6355FDAD2E4A953287EBF028A1CF0CD86A223D80CE65A
src/NOVORA/VisionEngine/Privacy/VEPrivacyShield.cs,498,0B86DFC5F5F7EEBA46ED6E0D5D140E491AE7EF80724AE9522908EC9C73D55D11
src/NOVORA/VisionEngine/Privacy/VEPrivacyStates.cs,113,3819965F0715F76D1F0C4ED8E2DD28BE18F1C3F819B91D10AF4A92194552087A
src/NOVORA/VisionEngine/Privacy/VEPrivacyStatus.cs,1135,2725ABB66F2EB06CA385B3B6BAA5EFDD79F3EC020411030516E03BB433513D4C
src/NOVORA/VisionEngine/Protocol/VEProtocolBinary.cs,874,FA67B409E7C7A7F6BECDC8E25CF61C27DE735D3E73B9D58F22D6AF634B93841E
src/NOVORA/VisionEngine/Protocol/VEProtocolCodec.cs,540,5770A371CCECBF8FD4FE79C8D93441237DA1572BB8B8A1E214A591BCC4A6EC06
src/NOVORA/VisionEngine/Protocol/VEProtocolConstants.cs,1129,0FF3DECCEECDA1C499780E169B81CF6F298EC5D2D4078AE91A487D6649AD6637
src/NOVORA/VisionEngine/Protocol/VEProtocolExtensions.cs,2145,115EF6EF90CCDCF89F3F50DD3BB2C82FDB7F1E73EDC2B60FE5C96229AC946FC3
src/NOVORA/VisionEngine/Protocol/VEProtocolHeader.cs,1181,441232542EF2EE3820E0BCF0AAA23B7801B963772DA85D2D3E3916E8803DF7DF
src/NOVORA/VisionEngine/Protocol/VEProtocolKind.cs,200,E72C98450D061BB43951B12689764C7B36374F64A89163DE59D24945428DB971
src/NOVORA/VisionEngine/Protocol/VEProtocolReader.cs,4943,09ACDF6AA68D9B3929DC500FE4818D3B5F8FB8F5DE1B96C56B2E9C69A40DEF6D
src/NOVORA/VisionEngine/Protocol/VEProtocolSession.cs,540,7141AC80C858BEEEBA78BA5494A1B1886145FCF6D8AAF58420F8C531D2BCAD74
src/NOVORA/VisionEngine/Recovery/VERecoveryHealth.cs,517,8D39277C981CA301A876C930D7D1BD16C55E76AADAA46ED3E76350FF9BC9B745
src/NOVORA/VisionEngine/Recovery/VERecoveryManager.cs,12954,A0AD423296409A207DF6CD6F8252E1FC6F8AF2318028ACD0D21185429F284E61
src/NOVORA/VisionEngine/Recovery/VERecoveryMonitor.cs,3243,7A81711CBBBD4F45C720CB23DB02E8272470A1CE79AF206DC4FD18BA42F1E16D
src/NOVORA/VisionEngine/Recovery/VERecoveryPolicy.cs,1272,1CFEDE623A0D5DA9D44FF359346C834082E78104FA03471408B632EB4C1F9D0E
src/NOVORA/VisionEngine/Recovery/VERecoveryResult.cs,624,E49A9CC2EF14021D636BD22F90DA70423B0EDA51C2D84E42304D1E991F8CA32C
src/NOVORA/VisionEngine/Recovery/VERecoveryScope.cs,160,0619B15E0981265FD29CB1539673ADD01D0F1B4CB0D7D3432DC48B9B1EC78928
src/NOVORA/VisionEngine/Recovery/VERecoveryStates.cs,208,D579B792F5FDF05D6F95F8E72F280D584CB4C8F149915D1D81B81407A0B962B0
src/NOVORA/VisionEngine/Renderer/VERendererDevice.cs,15839,555D5A9A9EA0712E1F3B1B0BA5F0244582F6D676E30ECD4A2F0AF5D0D90BDBB2
src/NOVORA/VisionEngine/Renderer/VERendererFrame.cs,1506,C6B2B8AC822FC52715EEFDEF75E9A6497C4577D12222A66C0ECD915B2A73DFB6
src/NOVORA/VisionEngine/Renderer/VERendererHost.cs,13162,83F85F9AE1CE4CE24726EFFB0622BECFCE79FDBBE07A0DDF7E7A03B37BE83137
src/NOVORA/VisionEngine/Renderer/VERendererManager.cs,23092,966BBE96281108E6D3E7F9E7203D8F63775004AC9CDAD62995C343897BFF2138
src/NOVORA/VisionEngine/Renderer/VERendererMetrics.cs,363,313698F412773817574C8017B41F9AF944280BA3BA7E2397695AA0D2C515CAEC
src/NOVORA/VisionEngine/Renderer/VERendererQueue.cs,2234,F53E14103557ABA6D8ACE99FEAD37BF263DB5758C5460B7130DFC85E7B910910
src/NOVORA/VisionEngine/Renderer/VERendererRect.cs,156,576D7B2C824A5832BC9FAEDBCAD97D140905D98A9F1E20DD6B5218DDF0C92C06
src/NOVORA/VisionEngine/Renderer/VERendererRotation.cs,653,61BF5D0FB80805A7E4B830B62DC4B5CB14D4E017371C686D1377BD9B261B5335
src/NOVORA/VisionEngine/Renderer/VERendererScaling.cs,1069,6F57E3E7ACC89563478254342EF8FBCA9BBAA087DCD6763AECF1FF630FBDA3C9
src/NOVORA/VisionEngine/Renderer/VERendererStates.cs,170,964872342CC7AA0C813B40113624D96D2B935CCA1F22AD25BB772C0E20CB127D
src/NOVORA/VisionEngine/Renderer/VERendererStatus.cs,930,B7FEF95E7927E279EBD9BD979971ADB9CD38718A8D9DAE45879BAA43BC2D03AE
src/NOVORA/VisionEngine/Renderer/VERendererSurface.cs,379,F14254F030E3459D7939C0702BB944A157D90881D492DF23CAF7339EAD0BDB5F
src/NOVORA/VisionEngine/Renderer/VERendererTexture.cs,2951,42E6D421CC017039C4F35EDF15399CF89970767027BE599799FE0DC04DABFD17
src/NOVORA/VisionEngine/Renderer/VERendererViewport.cs,555,D7D649B590A638DF88F04AC3D80D9744763BE64DD820595196740F3BF792467B
src/NOVORA/VisionEngine/Renderer/VERendererWindow.cs,14964,5E70F369683B3C512F6540D8B23F22A154534DA2CFD9E78E8484D5CBF19A9FF0
src/NOVORA/VisionEngine/Server/VEServerBackend.cs,259,834C9A20E9C08FDDD3AAC98A9796BA743955AF2321D4C9207D31D054AF67604F
src/NOVORA/VisionEngine/Server/VEServerManager.cs,8506,5B9A8EA6FA31659B4F2D290A19A9FDA268BFE61FA43B6A0EF76BCC3B06478BBF
src/NOVORA/VisionEngine/Server/VEServerOptions.cs,6045,61E23E2767AEAE26A1E4323CFA07995448C7C89BFAACA61D3D6B129AFB9DF248
src/NOVORA/VisionEngine/Server/VEServerSession.cs,2057,73376F280E9CA1967A1C68F6646DE58981643E84BCD5D1A57BFB94A933F76801
src/NOVORA/VisionEngine/Server/VEServerStates.cs,258,DB94D451656F76F21DF39FE845DFBDBA59A2F6E613F2B09F4028BED5B6C5540A
src/NOVORA/VisionEngine/Server/VEServerStatus.cs,748,AF4E69C04906E4AF0172D445299874E916988AA1FFCECCBD288808B5BC6C8681
src/NOVORA/VisionEngine/Streaming/VEStreamingProtected.cs,6569,27B143FBDB293BD43A18176202F7DCE73CA7D66155114B6E714C1E8C28474106
src/NOVORA/VisionEngine/Stress/VEStressDecoder.cs,898,5CE6E2D6BC63236B24E58638812CACB074553B63010F17B9DF9E208218B67A48
src/NOVORA/VisionEngine/Stress/VEStressManager.cs,2653,805A76FE229AA7BAF47435518EF1FB4A2AC49B4619E0B6AAFFCF0CDD34AD9C04
src/NOVORA/VisionEngine/Stress/VEStressRecovery.cs,447,C9A635576FBBD53258A02ABAB267DBC9C957B662EB500C35B9CC94511274531E
src/NOVORA/VisionEngine/Stress/VEStressResult.cs,316,DC681985BC178EA48E41FA88A42AB574B9A81C842BB452BFC41391B9DAB2B2C6
src/NOVORA/VisionEngine/Stress/VEStressSession.cs,402,58E52C212D5D2F60912E1E1DED782665FFBD265B21E89F402C6C9945F1342C80
src/NOVORA/VisionEngine/Stress/VEStressTransport.cs,507,BBE96FA16DDAFD501844ADB77535FAF20F575B9C65119E9A304167963776ABCC
src/NOVORA/VisionEngine/Transport/VETransportManager.cs,15927,D2B8232014F9840653DBBCD933713F1C02D3C9FC517B27C3FB15B3F26BF3C326
src/NOVORA/VisionEngine/Transport/VETransportMode.cs,302,AFF7DCB16F04A5A413007EAE33A26C47444564B6CBAE85710F22F8088B471C33
src/NOVORA/VisionEngine/Transport/VETransportSession.cs,2307,DF5D9767D0DA7AF743DC766C2334F305E5200869002310E0A463C1AC52386568
src/NOVORA/VisionEngine/Transport/VETransportStates.cs,268,DC901F1316354C35F54F72F8C29BFD6EF3F04B10E96D57439950092623448F30
src/NOVORA/VisionEngine/Transport/VETransportTunnel.cs,1464,60E699B305D15ADC12DB476C7B3241A28675130DC8894B4C3D5608C5F0A9F153
src/NOVORA/VisionEngine/Video/VEMediaMatroska.cs,8738,41491D9936A7837E42218966E1DE6CE8EAD15572EA8BF79099DE3419BB43C863
src/NOVORA/VisionEngine/Video/VEMediaPacketBudget.cs,796,16143C14C2A97C88C2602D6F33BEA485595A4AB16E110D518BB1A568B2C75941
src/NOVORA/VisionEngine/Video/VEMediaRecorder.cs,16011,00422A06DE2FBA456EA379499EFFF400F20CCF13E3A3EA9CE49B8AEC5AD417D1
src/NOVORA/VisionEngine/Video/VEVideoDecoder.cs,21755,D1D7D0C2E47CD03D7D80E2E1891427E3EED01E3BAD2D9DD37F144004BA854468
src/NOVORA/VisionEngine/Video/VEVideoDemuxer.cs,2850,B4E1BCAA7BD69457DC6C21A0421D0E6656D8F021436058DF998DAB690E607382
src/NOVORA/VisionEngine/Video/VEVideoFrame.cs,4068,0552F7631A5C044687A6315480C7EC4F833DAF694E15EB1D6D60F58C75DA6288
src/NOVORA/VisionEngine/Video/VEVideoLayout.cs,250,1CAB1168693A8EC9F0CF9773FE70924E927E10C2FEBDC819F04B888C2CBDB779
src/NOVORA/VisionEngine/Video/VEVideoManager.cs,19415,37B36D85C1128FD758640A9518CB5330D58ECC4D2E32C17E9F9FC63D2530B80F
src/NOVORA/VisionEngine/Video/VEVideoMerger.cs,1654,C45438AAEC5E0964B62D454346D32C37B31A4F7B65C69F7B5440E038DBA22982
src/NOVORA/VisionEngine/Video/VEVideoNativeFrame.cs,1955,1BFD0EFC203ADD6307F0CE8EF4955FB9468E1C9CB7D64288B4B197FBE8B005FD
src/NOVORA/VisionEngine/Video/VEVideoPacket.cs,331,29F1B734E05430FA98107B776506B0ED55E073D880F0CE4D044F59B08A7FD601
src/NOVORA/VisionEngine/Video/VEVideoPixelFormat.cs,146,F352B30F020AAFC4DC688F8CA65E68C3375B7ECC0EE636D46BD35AB1F691C12B
src/NOVORA/VisionEngine/Video/VEVideoStates.cs,242,0B950BC815741E5A41C418CF9F37DB883C5E80DE08EFFC5BB24A2502CD9803B2
src/NOVORA/VisionEngine/Video/VEVideoStats.cs,323,13960531B7F6C202F9CFFA9E30D85F1D3D51DB717FD5958BDD2916B7A32650F7
src/NOVORA/VisionEngine/Video/VEVideoStatus.cs,969,4215D41DB3BF168C1C1179A398B75759A367CB36479345E82D9B15A9B6FB2FE2
src/NOVORA.Android/AndroidResource/NLAndroidResourceNotification.xml,340,DBE45CF942835AB9AEA26ECC018D3DC32320CC41DF843878EA77AB40DC7FA5C7
src/NOVORA.Android/AndroidService/NLAndroidServiceControl.cs,23640,6E4228D7D505C68B6287B947FAC921FE501EE535E67F9A1B49116DFB93488FC9
src/NOVORA.Android/AndroidService/NLAndroidServiceControlAutomaticUsb.cs,4075,EAD9C563A692214B9F242699F4DE0D5D6561ACD6B2B0B6404917018F0ED34E14
src/NOVORA.Android/AndroidService/NLAndroidServiceUsbBootstrap.cs,1280,CBAFCA53511E7B89CC1B1EBB2E92B5A50E21A9E4002240825B4D1A18775D7FC8
src/NOVORA.Android/AndroidStorage/NLAndroidStorageTrustedPcs.cs,4559,AACECE84CB01E5566720C4E117CFFDC8C55428BD7E21165BBFF67B1D063BCE94
src/NOVORA.Android/AndroidUI/NLAndroidUIActivity.cs,56341,F994AEFB783D689DCFEB5EDBC7C66CC9FBEC9FE62E6CC057F3744225E945679A
src/NOVORA.Android/AndroidUI/NLAndroidUIFilesActivity.cs,6786,96BAC0D5D8D2FB8F4E6608B89111CD80666A8300EAAA8F2683FAD0AEAA1EAAC9
src/NOVORA.Android/AndroidUI/NLAndroidUIFloatingController.cs,23071,98EABAB4678872721E0E3A730CF351FD28C24D538E07BA19CF1E9C5472A3CDF6
src/NOVORA.Android/AndroidUI/NLAndroidUIFloatingInline.cs,4850,6CD379DF342419A29665ED5CC4A96590C6190016AB1DD662ADF5833BD3401572
src/NOVORA.Android/AndroidUI/NLAndroidUIFloatingPreferences.cs,2303,60F264294B520C617C67830302AC9F401EEFDEED474C522BD1112E0DB750A50F
src/NOVORA.Android/AndroidUI/NLAndroidUIFloatingSettingsActivity.cs,11218,D22090F6D19D16DB28DB767E34297D5D1B25E35FFB2EC8310DBB8F775BB34B9F
src/NOVORA.Android/AndroidUI/NLAndroidUILayout.cs,1449,DF49F1711D7579A04679E083E3FE275DCF11C5B3B6F8B6A4C3B407F8562309C3
src/NOVORA.Android/AndroidUI/NLAndroidUIMediaAccess.cs,1579,C7858B406B850311581E612DAE543A9A07583EC75DF0EC1E2ABDDF0DCDEB7363
src/NOVORA.Android/AndroidUI/NLAndroidUIMediaCard.cs,6378,04DCDE89731FD5917C52C1779E6DD0536F0086A7563CF9929273B00AC54697B0
src/NOVORA.Android/AndroidUI/NLAndroidUIQrActivity.cs,8210,5EF2C7C3E69467C5A24EF44172957BF25747D6B4FE6DB72EFCA87565034181BE
src/NOVORA.Android/AndroidUI/NLAndroidUIShareActivity.cs,9235,3AE1903D8F528083868CCED958B043084FD70FA58C47FA1A5396E5DD443F73AB
src/NOVORA.Android/AndroidUI/NLAndroidUIUsbBootstrapActivity.cs,1564,99C46C49FA7C48DE21310C8EA2318C293EE2787D558258D2B9870A2B81B69ADB
src/NOVORA.Android/AndroidUI/NLAndroidUIVisual.cs,3406,86E4733C7902FAC8001A9B39A14B257CA1BB815136E6080D8311F3DE31B7A4D7
src/NOVORA.Android/AndroidVpn/NLAndroidVpnService.cs,15949,63F7D75BA3D9522D5F54705E2D5BF24B47E9F031ABFD97C778A78297E484D320
src/NOVORA.Android/NLProjectAndroid.csproj,2997,A12429B10F5F2F7F06AEA594E94A3992CF2926F19F6027BEC86E5FA547D42443
src/NOVORA.Android/Properties/NLPropertiesAndroidManifest.xml,1171,EF694AA4B20C20C22D023D2CA7E926692DA2C323D1C831B9FFF783C5AE63668E
tests/NOVORA.Tests/Configuration/NLConfigurationGlobalUsings.cs,24,9EB56B713F4BD450C169F140E74FF7B6D5E456F3742A30188B947223D01628E4
tests/NOVORA.Tests/Fixtures/NLFixturesFrame.txt,8334,77F81761DCEA519FE6F47201FD1F6E0704571FC8DFEE7F2F186EB27C5B2B6A4B
tests/NOVORA.Tests/Fixtures/NLFixturesOpus.txt,606,4CE65E97B2BE2D920BA70B3891ED4CB608C3E590540F9054BD6C77FFEB7FAD3B
tests/NOVORA.Tests/Fixtures/NLFixturesREADME.md,725,44BF1797C856B6DC9448AA982D871D26D1E5B832D220E46C3C7DC829326D32F8
tests/NOVORA.Tests/Fixtures/NLFixturesRotatedFrame.txt,8146,1432FF69E944D48A0D53978BC8E16FD969C4C3DCCF8A90DD154A10063BE342EA
tests/NOVORA.Tests/NLProjectTests.csproj,947,2B561F7BFB2BEAB811DF849E50C18657F34FD3F9E184AAEF97DCE6570514AEF5
tests/NOVORA.Tests/Test/NLTestAdvancedSettingsDefaultsTests.cs,818,7D68913DF8E5E4AB25343AD2496DD02C5EC710E8CE7A98B48E50DC697310350D
tests/NOVORA.Tests/Test/NLTestAdvancedSettingsTests.cs,2694,B2B5670808DFBD116C15DC1C0D023AA9AF49701EA3823141B4884CAD3302DBB3
tests/NOVORA.Tests/Test/NLTestAndroidControl.cs,6066,E10C6C8030E0CEA41528ABA6FB1C8417C8A98B077093F0E2508D68BC036FEFF3
tests/NOVORA.Tests/Test/NLTestAndroidDiscovery.cs,2114,1830C4FF10D8104E36D4D8C49F43294A8084C518D2FB77DEEF1034754EF9EA3D
tests/NOVORA.Tests/Test/NLTestAndroidEngines.cs,2628,1D9615243AF53D1532934CC2975DFB5CBFC9C27EFEDF7C8DED7FCD6F28C8E1E2
tests/NOVORA.Tests/Test/NLTestAndroidFiles.cs,6521,38E24535E26BFE24B491E125736192697132B0FA49E659251E769D02F019CF2C
tests/NOVORA.Tests/Test/NLTestAndroidInstaller.cs,12718,54371FDDB7125A85FAD4E541B9D546BDCEC2A34E890571774AD956C420DE72F1
tests/NOVORA.Tests/Test/NLTestAndroidLan.cs,5304,C7A7CBD4C15D0AB788303CE8011E8C684DF5CBE28891DA27C78596E5ACFF5A73
tests/NOVORA.Tests/Test/NLTestAndroidPackage.cs,7997,C49608FD4E6AB7A2088A77DD41F31C42C0F4874E02CCEE79731177CC97888D94
tests/NOVORA.Tests/Test/NLTestAndroidQr.cs,922,CF24D1DC25A130B87A5FCA732E4E7EBCF4F15C9744239FC9AD5B1A1ACD78E982
tests/NOVORA.Tests/Test/NLTestAndroidSession.cs,6400,482802558F709D448F4C3FB8AD1EF9E9496CF8B6188C40CE3CD5440D4D92FFF9
tests/NOVORA.Tests/Test/NLTestAndroidTrust.cs,7184,D8F899BFE5A6306C02DF83C8B9EF32CAAA7A882404CDB7D7BD86B6B0D5575084
tests/NOVORA.Tests/Test/NLTestAndroidUniversal.cs,2946,3AF55A64D1C57BE7420086DA612DC74FBDF08FAF676C62D94422A6FBB108EFF0
tests/NOVORA.Tests/Test/NLTestAndroidUsbAutomatic.cs,3741,B7E299C6346CFD02241B7AB1B8E49DDFB35C553A044B4887FD95074C83E5E000
tests/NOVORA.Tests/Test/NLTestAndroidVideoChanges.cs,2861,BD295EAB1586BA27309EB08D43A5A71D4D2EDE92F1B32E1C186E33A81D58CCEE
tests/NOVORA.Tests/Test/NLTestAndroidVpn.cs,5284,38FEA7D434C0569BF00BA62AEC8819C55D2E9EB853FD4D7B7C8C09793F286EF3
tests/NOVORA.Tests/Test/NLTestCollection.cs,80,3F7EDD72EAC91614FCF49F709DD4E560C74EBEF8DA68A53A02947E5611CD1869
tests/NOVORA.Tests/Test/NLTestControlReplyClose.cs,683,2E7749A4A474E0CB27C55D3D71B230D87A2DD6129B4070A1DD5C73678BC7D55C
tests/NOVORA.Tests/Test/NLTestControlTrustHarness.cs,1397,AA2BF49C9D2C075A3DD688967EB346B894EA741980328A957D8A6DDA727553A1
tests/NOVORA.Tests/Test/NLTestMediaRecording.cs,10735,4CB5A725BA11F5D41CB3A41F48E4733FFA3A3E600E6064156025DAD71849CFD0
tests/NOVORA.Tests/Test/NLTestNativeDecoder.cs,5280,CBBF3E4233823420E3D23AD840E595BF2AD26415BA391185B0A1E1B851958597
tests/NOVORA.Tests/Test/NLTestNvidiaTests.cs,4380,E987536D83CE049ED3952CE2C4FFA019759C2408DCDC4E7E88B18D3E1F28E89B
tests/NOVORA.Tests/Test/NLTestOfficialRelease.cs,8160,0047B3F25FE9DE1FA40C06999DDF410E128BEA05ACCC4382F5FC253488A936F0
tests/NOVORA.Tests/Test/NLTestRegressionTests.cs,6747,0DF8EBAE8C914C62B63E89BE7B9883382E21A2DFCDAFC00F721BDE06550FF58A
tests/NOVORA.Tests/Test/NLTestRenamedResources.cs,5286,BFAEEE96BE963CFC571CCA0650DDF7C35CA2A0462E17C86FCE31499BF7810B47
tests/NOVORA.Tests/Test/NLTestSTEngineTests.cs,7872,C84CAF09A9D1AC2BED1FF89CFBAD06CD606755AF3E077A8BF1EC32B9BB0B99A8
tests/NOVORA.Tests/Test/NLTestVideoCompatibilityTests.cs,2227,D52DF775969806E2598A6D85907FB2B3360D7C8E7AA45A0F17EEF0C940D85827
tests/NOVORA.Tests/Test/NLTestVisionEngineBlockATests.cs,4090,D7EAB5289A48B09A141650B865ED4009A71613FD821B1D480B218E771970DE22
tests/NOVORA.Tests/Test/NLTestVisionEngineBlockBTests.cs,6154,4D1FB6F7522FABC30FE3375F2174531540B32B2991E4BC8D390ADAF38D44E8D8
tests/NOVORA.Tests/Test/NLTestVisionEngineBlockCTests.cs,3510,B8DD407B956388462DBBB60471C014BD2B7B2AE2DD2B987B02EB515A9B439CC0
tests/NOVORA.Tests/Test/NLTestVisionEngineBlockDTests.cs,2909,44862AFE0634A740F771366F9AF30DF4DD7C5D4C481A9F8CA148A03F51F24F8A
tests/NOVORA.Tests/Test/NLTestVisionEnginePrivacyV1Tests.cs,4571,1F4852F23414EC0D383147DDC7FD1569EC6E4BF9615B730C53EA8563B2C17B09
tests/NOVORA.VisionEngine.BlockCHarness/NLProjectVisionEngineBlockCHarness.csproj,611,413DC7678F73638232263CAB65675C0D7186062EE54D04BCE9CD505AA073B3E5
tests/NOVORA.VisionEngine.BlockCHarness/Test/NLTestProgram.cs,9299,5CE3C6441D32127779085EFF3FA3910B477A8B1C110862F27ED9092955DF3284
tests/NOVORA.VisionEngine.HeadlessHarness/NLProjectVisionEngineHeadlessHarness.csproj,611,413DC7678F73638232263CAB65675C0D7186062EE54D04BCE9CD505AA073B3E5
tests/NOVORA.VisionEngine.HeadlessHarness/Test/NLTestProgram.cs,4875,D396C10F53441E150C4F3B0C00163333E9F9ADE2201CC2400481CD1218A8EF02
tests/NOVORA.VisionEngine.ProfileHarness/NLProjectVisionEngineProfileHarness.csproj,702,98785C78063EF2A4375313C658863DD02E2B9D5006C8FD0AEDF4CBF086E2EF6E
tests/NOVORA.VisionEngine.ProfileHarness/Test/NLTestProgram.cs,8625,3213F40301D82BB55AAEB3E46B96E7DEA3B78CC2B7D1284AAEA6573C7AAD9887
tests/USB/.gitignore,8,55ED90C2D578D9DCC400F1D475114B2077E8EC90D0EE68796C1538A0889474B2
tests/USB/NLUSBREADME.md,4363,D165C050D12FA3EF48188AC41ECACD9C31A8B8BC663416DC776DF804645B5800
tests/USB/NLUSBTestAutomatic.ps1,13376,219FF583F627E1C42800C02C4E7AEDD58630EF93525CB56939D25A4ED4E9F240
tests/USB/NLUSBTestAutomaticSource.ps1,3066,2B43F5A45A436B4F490F46E9E8C6F880D10A4B4D5DFC9D42EB8E98C6AC159E62
tests/USB/NLUSBTestPolicy.ps1,2600,3ACE34FA9B47FED7960D9FC6491A04AF769E2DFD891059D6BCA5011ED66B45C1
